{"stat.chestOpened":44,"stat.useItem.minecraft.lapis_ore":15,"stat.useItem.minecraft.stone":99,"stat.leaveGame":4,"stat.mineBlock.minecraft.ice":1,"stat.useItem.minecraft.soul_sand":39,"stat.useItem.minecraft.packed_ice":2,"stat.useItem.minecraft.quartz_ore":12,"stat.useItem.minecraft.bedrock":267,"stat.useItem.minecraft.sand":34,"stat.jump":45,"stat.crouchOneCm":1487,"stat.useItem.minecraft.mycelium":59,"stat.useItem.minecraft.obsidian":36,"stat.useItem.minecraft.dirt":178,"stat.useItem.minecraft.coal_ore":13,"achievement.exploreAllBiomes":{"value":0,"progress":["Plains"]},"stat.damageTaken":200,"stat.useItem.minecraft.iron_ore":18,"stat.useItem.minecraft.anvil":4,"stat.flyOneCm":216053,"stat.timeSinceDeath":40251,"stat.useItem.minecraft.sign":4,"stat.useItem.minecraft.command_block":2,"stat.walkOneCm":11789,"stat.useItem.minecraft.chest":10,"stat.useItem.minecraft.log":6,"stat.useItem.minecraft.gold_ore":30,"stat.useItem.minecraft.end_stone":57,"stat.useItem.minecraft.written_book":1,"stat.mineBlock.minecraft.packed_ice":1,"stat.useItem.minecraft.leaves":32,"stat.sprintOneCm":1378,"stat.useItem.minecraft.diamond_block":7,"stat.useItem.minecraft.tallgrass":10,"stat.useItem.minecraft.redstone_ore":14,"stat.useItem.minecraft.netherrack":71,"stat.useItem.minecraft.ice":3,"achievement.openInventory":111,"stat.useItem.minecraft.wooden_button":2,"stat.deaths":3,"stat.drop":9,"stat.useItem.minecraft.writable_book":3,"stat.playOneMinute":53319,"stat.useItem.minecraft.nether_brick":71,"stat.useItem.minecraft.diamond_ore":19}